{
    "uvs": [],
    "name": "GemGeometry.1",
    "vertices": [0,1,-1,0,1.4,-0.65,0.707107,1,-0.707107,0.459619,1.4,-0.459619,1,1,-0,0.65,1.4,-0,0.707107,1,0.707107,0.459619,1.4,0.459619,-0,1,1,-0,1.4,0.65,-0.707107,1,0.707107,-0.459619,1.4,0.459619,-1,1,-0,-0.65,1.4,-0,-0.707107,1,-0.707107,-0.459619,1.4,-0.459619,-0,1,-1,-0.707107,1,-0.707107,-1,1,0,-0.707107,1,0.707107,0,1,1,0.707107,1,0.707107,1,1,-0,0.707107,1,-0.707107,0,-0.3,0,0,1,-1,0,1,-1,0.707107,1,-0.707107,0.707107,1,-0.707107,0.459619,1.4,-0.459619,0.459619,1.4,-0.459619,0,1.4,-0.65,0,1.4,-0.65,1,1,-0,1,1,-0,0.65,1.4,-0,0.65,1.4,-0,0.707107,1,0.707107,0.707107,1,0.707107,0.459619,1.4,0.459619,0.459619,1.4,0.459619,-0,1,1,-0,1,1,-0,1.4,0.65,-0,1.4,0.65,-0.707107,1,0.707107,-0.707107,1,0.707107,-0.459619,1.4,0.459619,-0.459619,1.4,0.459619,-1,1,-0,-1,1,-0,-0.65,1.4,-0,-0.65,1.4,-0,-0.707107,1,-0.707107,-0.707107,1,-0.707107,-0.459619,1.4,-0.459619,-0.459619,1.4,-0.459619,-0,1,-1,-0,1,-1,-0.707107,1,-0.707107,-0.707107,1,-0.707107,0,-0.3,0,0,-0.3,0,0,-0.3,0,0,-0.3,0,0,-0.3,0,0,-0.3,0,0,-0.3,0,-1,1,0,-1,1,0,-0.707107,1,0.707107,-0.707107,1,0.707107,1,1,-0,1,1,-0,0,1,1,0,1,1,0.707107,1,0.707107,0.707107,1,0.707107,0.707107,1,-0.707107,0.707107,1,-0.707107],
    "metadata": {
        "uvs": 0,
        "vertices": 80,
        "normals": 18,
        "version": 3,
        "faces": 34,
        "type": "Geometry",
        "generator": "io_three"
    },
    "normals": [0.297586,0.628651,-0.718467,0.718467,0.628651,-0.297586,0.718467,0.628651,0.297586,0.297586,0.628651,0.718467,-0.297586,0.628651,0.718467,-0.718467,0.628651,0.297586,0,1,0,-0.297586,0.628651,-0.718467,-0.718467,0.628651,-0.297586,0,-1,0,0.753075,-0.579272,-0.31193,-0.31193,-0.579272,-0.753075,0.753075,-0.579272,0.31193,0.31193,-0.579272,0.753075,-0.31193,-0.579272,0.753075,-0.753075,-0.579272,0.31193,0.31193,-0.579272,-0.753075,-0.753075,-0.579272,-0.31193],
    "faces": [33,25,31,29,27,0,0,0,0,33,28,30,35,33,1,1,1,1,33,34,36,39,37,2,2,2,2,33,38,40,43,41,3,3,3,3,33,42,44,47,45,4,4,4,4,33,46,48,51,49,5,5,5,5,32,5,3,32,6,6,6,32,32,55,52,6,6,6,32,52,11,9,6,6,6,32,9,7,5,6,6,6,32,5,32,52,6,6,6,32,52,9,5,6,6,6,33,54,56,1,26,7,7,7,7,33,50,13,15,53,8,8,8,8,32,14,0,2,9,9,9,32,2,4,6,9,9,9,32,6,8,10,9,9,9,32,10,12,14,9,9,9,32,14,2,6,9,9,9,32,6,10,14,9,9,9,32,72,63,78,10,10,10,32,57,62,59,11,11,11,32,76,64,73,12,12,12,32,75,65,77,13,13,13,32,71,66,74,14,14,14,32,68,61,70,15,15,15,32,79,67,58,16,16,16,32,60,24,69,17,17,17,32,23,16,17,6,6,6,32,17,18,19,6,6,6,32,19,20,21,6,6,6,32,21,22,23,6,6,6,32,23,17,19,6,6,6,32,19,21,23,6,6,6]
}
