{
    "uvs": [],
    "name": "Cone.001Geometry",
    "vertices": [-0.707107,-0.357107,-0.15,-0.537401,-0.187401,0.15,-0.707107,1.05711,-0.15,-0.537401,0.887401,0.15,0.707107,1.05711,-0.15,0.537401,0.887401,0.15,0.707107,-0.357107,-0.15,0.537401,-0.187401,0.15,-0.707107,1.05711,-0.15,-0.537401,0.887401,-0.45,-0.707107,-0.357107,-0.15,-0.537401,-0.187401,-0.45,0.707107,-0.357107,-0.15,0.537401,-0.187401,-0.45,0.707107,1.05711,-0.15,0.537401,0.887401,-0.45,-0.707107,-0.357107,-0.15,-0.707107,-0.357107,-0.15,-0.707107,1.05711,-0.15,-0.707107,1.05711,-0.15,-0.537401,0.887401,0.15,-0.537401,0.887401,0.15,-0.537401,-0.187401,0.15,-0.537401,-0.187401,0.15,0.707107,1.05711,-0.15,0.707107,1.05711,-0.15,0.537401,0.887401,0.15,0.537401,0.887401,0.15,0.707107,-0.357107,-0.15,0.707107,-0.357107,-0.15,0.537401,-0.187401,0.15,0.537401,-0.187401,0.15,-0.707107,1.05711,-0.15,-0.707107,1.05711,-0.15,-0.707107,-0.357107,-0.15,-0.707107,-0.357107,-0.15,-0.537401,-0.187401,-0.45,-0.537401,-0.187401,-0.45,-0.537401,0.887401,-0.45,-0.537401,0.887401,-0.45,0.707107,-0.357107,-0.15,0.707107,-0.357107,-0.15,0.537401,-0.187401,-0.45,0.537401,-0.187401,-0.45,0.707107,1.05711,-0.15,0.707107,1.05711,-0.15,0.537401,0.887401,-0.45,0.537401,0.887401,-0.45],
    "metadata": {
        "uvs": 0,
        "vertices": 48,
        "normals": 10,
        "version": 3,
        "faces": 12,
        "type": "Geometry",
        "generator": "io_three"
    },
    "normals": [-0.870388,0,0.492355,0,0.870388,0.492355,0,0,1,0,-0.870388,0.492355,0.870388,0,0.492355,0,0,-1,-0.870388,0,-0.492355,0,-0.870388,-0.492355,0,0.870388,-0.492355,0.870388,0,-0.492355],
    "faces": [33,16,22,20,18,0,0,0,0,33,19,21,26,24,1,1,1,1,33,3,23,30,27,2,2,2,2,33,29,31,1,17,3,3,3,3,33,25,5,7,28,4,4,4,4,33,0,2,4,6,5,5,5,5,33,32,38,36,34,6,6,6,6,33,35,37,42,40,7,7,7,7,33,11,39,46,43,5,5,5,5,33,45,47,9,33,8,8,8,8,33,41,13,15,44,9,9,9,9,33,8,10,12,14,2,2,2,2]
}