{
    "uvs": [],
    "name": "IcosphereGeometry",
    "vertices": [0,-0.5,0,0.7236,0.052785,0.52572,-0.276385,0.052785,0.85064,-0.894425,0.052785,-0,-0.276385,0.052785,-0.85064,0.7236,0.052785,-0.52572,0.276385,0.947215,0.85064,-0.7236,0.947215,0.52572,-0.7236,0.947215,-0.52572,0.276385,0.947215,-0.85064,0.894425,0.947215,-0,0,1.5,-0,-0.276385,0.052785,0.85064,-0.276385,0.052785,0.85064,-0.276385,0.052785,0.85064,-0.276385,0.052785,0.85064,0,-0.5,0,0,-0.5,0,0,-0.5,0,0,-0.5,0,0.7236,0.052785,0.52572,0.7236,0.052785,0.52572,0.7236,0.052785,0.52572,0.7236,0.052785,0.52572,0.7236,0.052785,-0.52572,0.7236,0.052785,-0.52572,0.7236,0.052785,-0.52572,0.7236,0.052785,-0.52572,-0.894425,0.052785,-0,-0.894425,0.052785,-0,-0.894425,0.052785,-0,-0.894425,0.052785,-0,-0.276385,0.052785,-0.85064,-0.276385,0.052785,-0.85064,-0.276385,0.052785,-0.85064,-0.276385,0.052785,-0.85064,0.894425,0.947215,-0,0.894425,0.947215,-0,0.894425,0.947215,-0,0.894425,0.947215,-0,0.276385,0.947215,0.85064,0.276385,0.947215,0.85064,0.276385,0.947215,0.85064,0.276385,0.947215,0.85064,-0.7236,0.947215,0.52572,-0.7236,0.947215,0.52572,-0.7236,0.947215,0.52572,-0.7236,0.947215,0.52572,-0.7236,0.947215,-0.52572,-0.7236,0.947215,-0.52572,-0.7236,0.947215,-0.52572,-0.7236,0.947215,-0.52572,0.276385,0.947215,-0.85064,0.276385,0.947215,-0.85064,0.276385,0.947215,-0.85064,0.276385,0.947215,-0.85064,0,1.5,-0,0,1.5,-0,0,1.5,-0,0,1.5,-0],
    "metadata": {
        "uvs": 0,
        "vertices": 60,
        "normals": 23,
        "version": 3,
        "faces": 20,
        "type": "Geometry",
        "generator": "io_three"
    },
    "normals": [0.187567,-0.794641,0.577349,0.607044,-0.794641,0,-0.491104,-0.794641,0.356822,-0.491104,-0.794641,-0.356822,0.187567,-0.794641,-0.577349,0.982238,-0.187567,0,0.303507,-0.187567,0.934141,-0.794641,-0.187567,0.577349,-0.794641,-0.187567,-0.577349,0.303507,-0.187567,-0.934172,0.303507,-0.187567,-0.934141,0.794641,0.187567,0.577349,-0.303507,0.187567,0.934172,-0.303507,0.187567,0.934141,-0.982238,0.187567,0,-0.303507,0.187567,-0.934172,-0.303507,0.187567,-0.934141,0.794641,0.187567,-0.577349,0.491104,0.794641,0.356822,-0.187567,0.794641,0.577349,-0.607044,0.794641,0,-0.187567,0.794641,-0.577349,0.491104,0.794641,-0.356822],
    "faces": [32,16,20,12,0,0,0,32,21,17,24,1,1,1,32,18,13,28,2,2,2,32,19,29,32,3,3,3,32,0,33,25,4,4,4,32,22,26,36,5,5,5,32,14,23,40,6,6,6,32,30,15,44,7,7,7,32,34,31,48,8,8,8,32,27,35,52,9,9,10,32,1,37,41,11,11,11,32,2,42,45,12,12,13,32,3,46,49,14,14,14,32,4,50,53,15,16,15,32,5,54,38,17,17,17,32,43,39,56,18,18,18,32,47,6,57,19,19,19,32,51,7,58,20,20,20,32,55,8,59,21,21,21,32,10,9,11,22,22,22]
}